"Rank","Name","Symbol","marketcap","price (USD)","country"
"1","NVIDIA","NVDA","5574817742848","230.87","United States"
"2","Apple","AAPL","4788204339200","328.09","United States"
"3","Alphabet (Google)","GOOG","4092013838336","334.59","United States"
"4","Microsoft","MSFT","3813388845056","513.55","United States"
"5","SpaceX","SPCX","1982583537664","150.49","United States"
"6","Meta Platforms (Facebook)","META","1854227742720","727.86","United States"
"7","Tesla","TSLA","1405031809024","355.745","United States"
"8","Palantir","PLTR","453433098240","188.69","United States"
"9","Oracle","ORCL","416194756608","137.29","United States"
"10","Alibaba","BABA","265964830720","106.91","China"
"11","IBM","IBM","212781056000","225.85","United States"
"12","Adobe","ADBE","95479496704","240.2","United States"
"13","Cambricon Technologies","688256.SS","94722858969","150.628","China"
"14","CoreWeave","CRWV","47542452224","86.2","United States"
"15","Cerebras Systems","CBRS","41138966528","173.17","United States"
"16","Z.AI","2513.HK","39830095108","81.688","China"
"17","Dynatrace","DT","17085804544","59.12","United States"
"18","Tempus AI","TEM","14054983680","77.8951","United States"
"19","MiniMax Group","0100.HK","11135396055","31.8851","China"
"20","Aurora Innovation","AUR","11082979328","5.53","United States"
"21","SentinelOne","S","8412347392","24.17","United States"
"22","UiPath","PATH","6915680768","13.2699","United States"
"23","SenseTime","0020.HK","6617417135","0.156749","China"
"24","Mobileye","MBLY","6227623936","7.325","Israel"
"25","Presight AI","PRESIGHT.AE","5726570909","1.02","United Arab Emirates"
"26","LG CNS","064400.KS","5030837303","51.9254","South Korea"
"27","SPACE42","SPACE42.AE","2852372040","0.6","United Arab Emirates"
"28","Pony AI","PONY","2704669696","6.215","China"
"29","SoundHound AI","SOUN","2683858688","6.0432","United States"
"30","Fermi Inc.","FRMI","2558667008","3.995","United States"
"31","Innodata","INOD","2371715328","68.98","United States"
"32","Upstart","UPST","2201844480","23.005","United States"
"33","Recursion Pharmaceuticals","RXRX","2177260544","4.06","United States"
"34","C3 AI","AI","1772597888","11.025","United States"
"35","WeRide","WRD","1727019648","5.25","China"
"36","BigBear.ai","BBAI","1311417344","2.735","United States"
"37","ODDITY Tech","ODD","849614272","18.42","Israel"
"38","WhiteFiber","WYFI","663914368","17.09","United States"
"39","Serve Robotics","SERV","411288384","4.7434","United States"
"40","Cerence","CRNC","359354400","7.945","United States"
"41","Duos Technologies Group","DUOT","285298208","9.065","United States"
"42","Palladyne AI","PDYN","255820176","5.185","United States"
"43","AIAI Holdings Corporation","AIAI","240166896","3.39","United States"
"44","One Stop Systems","OSS","218261056","8.7514","United States"
"45","Appen","APX.AX","217079524","0.80914","Australia"
"46","QumulusAI, Inc.","QMLS","203762368","6.09","United States"
"47","Healwell AI","AIDX.TO","187846178","0.561829","Canada"
"48","Almawave","AIW.MI","152021175","5.07032","Italy"
"49","Datavault AI","DVLT","147112960","0.1549","United States"
"50","Exascale Labs Holdings","XLAB","108088872","1.6801","United States"
"51","Airship AI","AISP","81618312","2.3699","United States"
"52","AMC Robotics Corporation","AMCI","75969120","3.18","United States"
"53","MindWalk Holdings","HYFT","63365196","1.345","United States"
"54","iLearningEngines","AILE","59292656","0.42","United States"
"55","Nano-X Imaging","NNOX","53990392","0.687","Israel"
"56","Odysight.ai","ODYS","50000536","2.975","Israel"
"57","Stem, Inc","STEM","40701876","4.228","United States"
"58","Allbirds","BIRD","34258468","2.901","United States"
"59","VIDA Global Inc.","VIDA","32014934","1.6","United States"
"60","Zenvia","ZENV","24648802","0.4689","Brazil"
"61","SIMPPLE","SPPL","20012750","2.045","Singapore"
"62","Avant Technologies Inc.","AVAI","20009152","0.13","United States"
"63","Knightscope","KSCP","18649054","0.7896","United States"
"64","Semilux International","SELX","14740593","0.34","Taiwan"
"65","Lantern Pharma","LTRN","14004485","1.04","United States"
"66","Arrive AI","ARAI","11423141","0.2202","United States"
"67","Bullfrog AI","BFRG","11403116","0.615","United States"
"68","reAlpha Tech","AIRE","7868677","1.31","United States"
"69","Gaxos.ai","GXAI","7391855","0.5375","United States"
"70","authID","AUID","6688135","0.4","United States"
"71","Orangekloud Technology","ORKT","5722974","0.98","Singapore"
"72","VERSES AI","VERS.NE","3822713","0.266869","Canada"
"73","Lucas GC","LGCL","3542239","2.72","China"
"74","Jet.AI","JTAI","2216463","1.559","United States"
"75","Xiao-I","AIXI","163076","1.24","China"
"76","Freight Technologies, Inc.","FRGT","143603","0.251","United States"
"77","Presto Automation","PRST","41851","0.0001","United States"
